epitope_name,label
AARALAHGV,0
REGNQSRCW,0
SLMSFTAAV,0
AEQFKQKAL,0
AFTASITSPL,0
TETWKQQDY,0
AIASMLMAFT,0
ATPPGSITV,0
AVCTRGVAK,0
AYLNTPGL,0
CLTVPASA,0
DGVNYATGN,0
EEVVFQVGL,0
EPLDLPQII,0
GENETDVLL,0
GFSYDTRCF,0
GFVSLLAPGA,0
GLRDCTMLV,0
GRRQPIPKA,0
GRTWAQPGY,0
GVNYATGNL,0
GVRATRKTS,0
GWAGWLLSP,0
HEYPVGSQLP,0
IASPKGPVI,0
IDTLTCGFA,0
IMHTPGCV,0
IVYEAADAI,0
KFPGGGQIV,0
KKNKRNTNR,0
KPQKKNKRN,0
KRNTNRRPQ,0
KVCGAPPCV,0
KVIDTLTCG,0
LLALLSCLT,0
LSCLTVPAS,0
LYDVVSTL,0
LYGNEGMGW,0
MMNWSPTTA,0
MSTNPKPQK,0
NEGLGWGAW,0
NMWSGTFPI,0
NYATGNLPG,0
PCAAEESKL,0
PFYGKAIPI,0
PKARRPEGR,0
PLLCPSGHV,0
PLLCPSGHVV,0
PLVGAPLGG,0
PRLGVRATR,0
PTDPRRRSR,0
QIVGGVYLL,0
QKKNKRNTN,0
QLLRIPQAI,0
QPGYPWPLY,0
QYLVGSQL,0
RNTNRRPQD,0
RPALVFDIT,0
RRQPIPKAR,0
SLDPTFTIET,0
SLTGRDKNQV,0
STTPCSGSWL,0
TIRRHVDLLV,0
TVNYTIFK,0
TWAQPGYPW,0
VFVGLVLLTL,0
VKFPGGGQI,0
VPGAAYALY,0
VRATRKTSE,0
VVTSTWVLV,0
WAQPGYPWPL,0
WPLYGNEGC,0
WPLYGNEGL,0
WTVYHGQGT,0
YATGNLPGC,0
YGNEGCGWA,0
YLKGSSGGPL,0
YMSKAHGIE,0
AIGGVMWTV,0
CISGVLWTV,0
AYAQQTRGL,0
LLTLSPHYK,0
NYSRALWRV,0
WMNGTGFTK,0
AYLSTPGLP,0
FLGTTVGGV,0
MSRAYGIDP,0
PAVPQSYQV,0
RLGPIQNEI,0
VMWTVYHGA,0
VRMILATHF,0
PGLPVCQDHL,0
RLRAYMNTPG,0
TINYTIFR,0
ARAVRAKLI,0
VVLAGLMAL,0
VVLVGLMVL,0
YTNVDLDLV,0
KVKANLLSV,0
LLHPSLIFDI,0
MVHPELIFTI,0
VLDDHYKIAL,0
CYLKATAAI,0
KQKALGLLNF,0
NEVFAVNPA,0
