peptide_name,label
ALYEVVSKL,1
DGKLPATQL,1
DLMGYIPL,1
ELITSCSS,1
EPEPDVAVL,1
GDFDSVID,1
GDFDSVIDC,1
GGPPCDIGGV,1
GNASRCWVA,1
GSPPSVASSS,1
HDGAGKRVYL,1
IFTITKILL,1
ILPCSFTTL,1
LFNILGGWVA,1
LLKRLHQWI,1
LPGCSFSIFL,1
LSAFSLHSY,1
LTDPSHITA,1
MYSSAEGDL,1
NWFGCTWMNS,1
RMILMTHFF,1
RYAPACKPL,1
SDWAANGL,1
SFSIFLLALL,1
SLVSWLSQGP,1
SMVGNMAKV,1
SVLIARDQLE,1
VFWAKHMWNF,1
VLPCSFTTL,1
WPAPPGARSM,1
YIVRWEWVV,1
AVNGVMWTV,1
CINGVCWSV,1
CTNGVCWTV,1
AVFGPLWIL,1
HVVGIFRAA,1
LPYIEQGMML,1
CHSTDSTSIL,1
GARLVVLATA,1
GGRHLIFCHS,1
GVDPNIRTGV,1
VALGINAVAY,1
VALGVNAVAY,1
AAKLVALGIN,1
ICDECHSTDA,1
IIICDECHST,1
KAHGTDPNIR,1
LSNTGEIPFY,1
SKAHGIDPNI,1
TDALMTGFTG,1
TLSFGAYMSK,1
TTILGIGTVL,1
YGTDPNIRTG,1
QLINTNGS,1
DLIEANLLW,1
HAVGIFRAAV,1
YLLPRPGPRL,1
ATDALMSGF,1
KAKKTPMGF,1
TLGFGSFMSR,1
EAARRRLAR,1
HPEATYSRC,1
NASRCWVAV,1
LLRHHNLVY,1
SQRQRKVTF,1
CINGVMWTV,1
KLLGLGINAV,1
KLSGLGINAI,1
LYGMWPLLLL,1
WPAPQGARSL,1
KIWLQSKLL,1
AICGKYLFNW,1
GVQEDAASLR,1
VRMILLTHF,1
VVLFGLMAL,1
GKAIPIEA,1
KKFPAAMPI,1
LTRDPTTPI,1
SVFTGLTHI,1
THFFSILL,1
LLHPSLVFDI,1
LVTRHADVI,1
VLDDHYKTAL,1
CLNGVCWTV,1
KLLALGINAV,1
QLSSLGLNAV,1
QLTSLGLNAV,1
ITQMYTNV,1
TTDRSGAPTY,1
